Element,P_kN,,,,
1,-8563.7385,,,,
1,-8365.9946,,,,
1,-8168.2508,,,,
2,-1666.1707,,,,
2,-1560.9878,,,,
2,-1455.805,,,,
3,-578.4202,,,,
3,-485.8592,,,,
3,-393.2983,,,,
4,-1666.1707,,,,
4,-1560.9878,,,,
4,-1455.8049,,,,
5,-578.4201,,,,
5,-485.8592,,,,
5,-393.2982,,,,
6,-8563.7387,,,,
6,-8365.9949,,,,
6,-8168.2511,,,,
7,-1666.1708,,,,
7,-1560.9879,,,,
7,-1455.805,,,,
8,-578.4205,,,,
8,-485.8595,,,,
8,-393.2986,,,,
9,-1666.1708,,,,
9,-1560.9879,,,,
9,-1455.805,,,,
10,-578.4205,,,,
10,-485.8595,,,,
10,-393.2986,,,,
11,-8563.7387,,,,
11,-8365.9949,,,,
11,-8168.2511,,,,
12,-1666.1707,,,,
12,-1560.9878,,,,
12,-1455.8049,,,,
13,-578.4201,,,,
13,-485.8592,,,,
13,-393.2982,,,,
14,-1666.1707,,,,
14,-1560.9878,,,,
14,-1455.805,,,,
15,-578.4202,,,,
15,-485.8592,,,,
15,-393.2983,,,,
16,-8563.7385,,,,
16,-8365.9946,,,,
16,-8168.2508,,,,
17,-1666.1708,,,,
17,-1560.9879,,,,
17,-1455.805,,,,
18,-578.4204,,,,
18,-485.8595,,,,
18,-393.2985,,,,
19,-1666.1708,,,,
19,-1560.9879,,,,
19,-1455.805,,,,
20,-578.4204,,,,
20,-485.8595,,,,
20,-393.2985,,,,
21,895.5172,,,,
22,895.5176,,,,
23,895.5172,,,,
24,895.5176,,,,
25,-6560.7236,,,,
25,-6362.9798,,,,
25,-6165.236,,,,
26,-1039.7448,,,,
26,-933.6384,,,,
26,-827.532,,,,
27,-188.783,,,,
27,-97.1456,,,,
27,-5.5083,,,,
28,-1039.7448,,,,
28,-933.6383,,,,
28,-827.5319,,,,
29,-188.7829,,,,
29,-97.1455,,,,
29,-5.5081,,,,
30,-6560.724,,,,
30,-6362.9802,,,,
30,-6165.2364,,,,
31,-1039.7451,,,,
31,-933.6387,,,,
31,-827.5322,,,,
32,-188.7836,,,,
32,-97.1462,,,,
32,-5.5088,,,,
33,-1039.7451,,,,
33,-933.6387,,,,
33,-827.5322,,,,
34,-188.7836,,,,
34,-97.1462,,,,
34,-5.5088,,,,
35,-6560.724,,,,
35,-6362.9802,,,,
35,-6165.2364,,,,
36,-1039.7448,,,,
36,-933.6383,,,,
36,-827.5319,,,,
37,-188.7829,,,,
37,-97.1455,,,,
37,-5.5081,,,,
38,-1039.7448,,,,
38,-933.6384,,,,
38,-827.532,,,,
39,-188.783,,,,
39,-97.1456,,,,
39,-5.5083,,,,
40,-6560.7236,,,,
40,-6362.9798,,,,
40,-6165.236,,,,
41,-1039.7452,,,,
41,-933.6387,,,,
41,-827.5323,,,,
42,-188.7836,,,,
42,-97.1463,,,,
42,-5.5089,,,,
43,-1039.7452,,,,
43,-933.6387,,,,
43,-827.5323,,,,
44,-188.7836,,,,
44,-97.1463,,,,
44,-5.5089,,,,
45,591.8683,,,,
46,591.8681,,,,
47,591.8683,,,,
48,591.8679,,,,
49,-4325.7443,,,,
49,-4229.0298,,,,
49,-4132.3153,,,,
50,-1056.0713,,,,
50,-1003.5691,,,,
50,-951.067,,,,
51,-696.6332,,,,
51,-652.4209,,,,
51,-608.2086,,,,
52,-1056.0691,,,,
52,-1003.567,,,,
52,-951.0648,,,,
53,-696.6311,,,,
53,-652.4188,,,,
53,-608.2065,,,,
54,-4325.746,,,,
54,-4229.0315,,,,
54,-4132.317,,,,
55,-1056.0702,,,,
55,-1003.5681,,,,
55,-951.0659,,,,
56,-696.6323,,,,
56,-652.4199,,,,
56,-608.2076,,,,
57,-1056.0702,,,,
57,-1003.5681,,,,
57,-951.0659,,,,
58,-696.6323,,,,
58,-652.4199,,,,
58,-608.2076,,,,
59,-4325.746,,,,
59,-4229.0315,,,,
59,-4132.317,,,,
60,-1056.0691,,,,
60,-1003.567,,,,
60,-951.0648,,,,
61,-696.6311,,,,
61,-652.4188,,,,
61,-608.2065,,,,
62,-1056.0713,,,,
62,-1003.5691,,,,
62,-951.067,,,,
63,-696.6332,,,,
63,-652.4209,,,,
63,-608.2086,,,,
64,-4325.7443,,,,
64,-4229.0298,,,,
64,-4132.3153,,,,
65,-1056.0698,,,,
65,-1003.5677,,,,
65,-951.0655,,,,
66,-696.6318,,,,
66,-652.4195,,,,
66,-608.2072,,,,
67,-1056.0698,,,,
67,-1003.5677,,,,
67,-951.0655,,,,
68,-696.6318,,,,
68,-652.4195,,,,
68,-608.2072,,,,
69,1030.0669,,,,
70,1030.0682,,,,
71,1030.0669,,,,
72,1030.0686,,,,
73,-922.2853,,,,
73,-868.9256,,,,
73,-815.5659,,,,
74,-635.6232,,,,
74,-592.2685,,,,
74,-548.9137,,,,
75,-922.2875,,,,
75,-868.9278,,,,
75,-815.5681,,,,
76,-635.6254,,,,
76,-592.2706,,,,
76,-548.9158,,,,
77,-3219.9148,,,,
77,-3123.2003,,,,
77,-3026.4859,,,,
78,-922.2866,,,,
78,-868.9269,,,,
78,-815.5672,,,,
79,-635.6246,,,,
79,-592.2698,,,,
79,-548.9151,,,,
80,-922.2866,,,,
80,-868.9269,,,,
80,-815.5672,,,,
81,-635.6246,,,,
81,-592.2698,,,,
81,-548.9151,,,,
82,-3219.9148,,,,
82,-3123.2003,,,,
82,-3026.4859,,,,
83,-922.2875,,,,
83,-868.9278,,,,
83,-815.5681,,,,
84,-635.6254,,,,
84,-592.2706,,,,
84,-548.9158,,,,
85,-922.2853,,,,
85,-868.9256,,,,
85,-815.5659,,,,
86,-635.6232,,,,
86,-592.2685,,,,
86,-548.9137,,,,
87,-3219.9137,,,,
87,-3123.1992,,,,
87,-3026.4847,,,,
88,-922.2865,,,,
88,-868.9267,,,,
88,-815.567,,,,
89,-635.6244,,,,
89,-592.2697,,,,
89,-548.9149,,,,
90,-922.2865,,,,
90,-868.9267,,,,
90,-815.567,,,,
91,-635.6244,,,,
91,-592.2697,,,,
91,-548.9149,,,,
92,-3219.9137,,,,
92,-3123.1992,,,,
92,-3026.4847,,,,
93,876.0429,,,,
94,876.0436,,,,
95,876.0431,,,,
96,876.0436,,,,
97,-2040.0182,,,,
97,-1943.3037,,,,
97,-1846.5893,,,,
98,-935.2122,,,,
98,-880.5475,,,,
98,-825.8828,,,,
99,-728.4796,,,,
99,-686.4298,,,,
99,-644.3801,,,,
100,-935.2122,,,,
100,-880.5475,,,,
100,-825.8828,,,,
101,-728.4796,,,,
101,-686.4298,,,,
101,-644.3801,,,,
102,-2040.0182,,,,
102,-1943.3037,,,,
102,-1846.5893,,,,
103,-935.2115,,,,
103,-880.5468,,,,
103,-825.8821,,,,
104,-728.4789,,,,
104,-686.4291,,,,
104,-644.3793,,,,
105,-935.2115,,,,
105,-880.5468,,,,
105,-825.8821,,,,
106,-728.4789,,,,
106,-686.4291,,,,
106,-644.3793,,,,
107,-2040.0182,,,,
107,-1943.3038,,,,
107,-1846.5893,,,,
108,-935.2121,,,,
108,-880.5474,,,,
108,-825.8827,,,,
109,-728.4796,,,,
109,-686.4298,,,,
109,-644.38,,,,
110,-935.2121,,,,
110,-880.5474,,,,
110,-825.8827,,,,
111,-728.4796,,,,
111,-686.4298,,,,
111,-644.38,,,,
112,-2040.0182,,,,
112,-1943.3038,,,,
112,-1846.5893,,,,
113,-935.2115,,,,
113,-880.5468,,,,
113,-825.8821,,,,
114,-728.4789,,,,
114,-686.4291,,,,
114,-644.3793,,,,
115,-935.2115,,,,
115,-880.5468,,,,
115,-825.8821,,,,
116,-728.4789,,,,
116,-686.4291,,,,
116,-644.3793,,,,
117,152.47,,,,
118,152.4704,,,,
119,152.47,,,,
120,152.4704,,,,
121,-1160.269,,,,
121,-1124.4846,,,,
121,-1088.7003,,,,
122,-1160.269,,,,
122,-1124.4846,,,,
122,-1088.7003,,,,
123,-1160.269,,,,
123,-1124.4846,,,,
123,-1088.7003,,,,
124,-1160.269,,,,
124,-1124.4846,,,,
124,-1088.7003,,,,
125,20.7719,,,,
126,20.7719,,,,
127,20.7719,,,,
128,20.7719,,,,
129,-232.7595,,,,
129,-196.9751,,,,
129,-161.1908,,,,
130,-232.7595,,,,
130,-196.9751,,,,
130,-161.1908,,,,
131,-232.7595,,,,
131,-196.9751,,,,
131,-161.1908,,,,
132,-232.7595,,,,
132,-196.9751,,,,
132,-161.1908,,,,
133,-33.5445,,,,
134,-33.5445,,,,
135,-33.5445,,,,
136,-33.5445,,,,
