Elemento,N_axial_kN,P_promedio_kN,Diff_kN,Diff_abs_kN,Diff_pct,Tipo
1,5964.80584984434,-8365.994633333334,14330.800483177674,14330.800483177674,171.2982270436235,Compresión
6,5404.40245893809,-8365.9949,13770.39735893809,13770.39735893809,164.59963843979983,Compresión
25,4075.77154897156,-6362.9798,10438.75134897156,10438.75134897156,164.05444737277045,Compresión
30,3442.54657008912,-6362.980200000001,9805.52677008912,9805.52677008912,154.10273897360375,Compresión
49,3741.89808431725,-4229.0298,7970.927884317251,7970.927884317251,188.48124178345674,Compresión
19,5628.09616985132,-1560.9879,7189.08406985132,7189.08406985132,460.5470718412262,Compresión
54,2943.63966948409,-4229.0315,7172.671169484091,7172.671169484091,169.60552712336226,Compresión
7,5351.66228374664,-1560.9879,6912.65018374664,6912.65018374664,442.8381654539576,Compresión
92,3029.35105085511,-3123.1992000000005,6152.550250855111,6152.550250855111,196.99512758856875,Compresión
20,5196.11333031223,-485.8594666666666,5681.972796978896,5681.972796978896,1169.468369993178,Compresión
8,4918.52919457406,-485.8595333333333,5404.388727907393,5404.388727907393,1112.3356332448975,Compresión
43,4445.34158869411,-933.6387333333332,5378.980322027443,5378.980322027443,576.1308013712945,Compresión
77,2035.752344878,-3123.2003333333337,5158.9526782113335,5158.9526782113335,165.18161263941283,Compresión
31,4107.53511865212,-933.6386666666668,5041.173785318787,5041.173785318787,539.9491216358464,Compresión
18,-5196.11333031224,-485.8594666666666,-4710.253863645573,4710.253863645573,969.4683704048215,Compresión
10,-4918.52919457406,-485.8595333333333,-4432.669661240727,4432.669661240727,912.3356336565392,Compresión
44,4051.90176366538,-97.14626666666663,4149.048030332046,4149.048030332046,4270.928909557779,Compresión
17,-5628.09616985132,-1560.9879,-4067.10826985132,4067.10826985132,260.5470719693502,Compresión
67,3048.63710539128,-1003.5676666666668,4052.2047720579467,4052.2047720579467,403.7799246242635,Compresión
102,2015.72837436988,-1943.3037333333332,3959.032107703213,3959.032107703213,203.72688210067133,Compresión
42,-4051.90176366538,-97.14626666666663,-3954.755496998713,3954.755496998713,4070.9289116165305,Compresión
32,3712.33296932501,-97.1462,3809.47916932501,3809.47916932501,3921.3876920673515,Compresión
9,-5351.66228374664,-1560.9879,-3790.67438374664,3790.67438374664,242.83816558208156,Compresión
55,2690.47805181735,-1003.5680666666668,3694.046118484017,3694.046118484017,368.0912374058306,Compresión
34,-3712.332969325,-97.1462,-3615.1867693249997,3615.1867693249997,3721.3876941260937,Compresión
68,2877.42061934299,-652.4195,3529.84011934299,3529.84011934299,541.0384137709873,Compresión
41,-4445.34158869412,-933.6387333333332,-3511.702855360787,3511.702855360787,376.1308015855111,Compresión
90,2533.91472110552,-868.9267333333333,3402.8414544388534,3402.8414544388534,391.61431222962835,Compresión
100,2353.18498221036,-880.5475,3233.73248221036,3233.73248221036,367.2411174340906,Compresión
33,-4107.53511865212,-933.6386666666668,-3173.8964519854535,3173.8964519854535,339.9491218500621,Compresión
56,2517.5643454421,-652.4199333333333,3169.9842787754333,3169.9842787754333,485.88096591724155,Compresión
4,1575.84665040241,-1560.9878,3136.83445040241,3136.83445040241,200.95188754152278,Compresión
78,2121.53079230512,-868.9269,2990.45769230512,2990.45769230512,344.1552665550539,Compresión
28,2054.34686615552,-933.6383333333332,2987.985199488853,2987.985199488853,320.0366876133499,Compresión
91,2382.45509503648,-592.2696666666667,2974.7247617031467,2974.7247617031467,502.25850218237775,Compresión
11,-5404.40245893811,-8365.9949,2961.59244106189,2961.59244106189,35.40036153629362,Compresión
35,-3442.54657008914,-6362.980200000001,2920.433629910861,2920.433629910861,45.897260994964086,Compresión
101,2206.3796776466,-686.4298333333332,2892.8095109799333,2892.8095109799333,421.4282897230794,Compresión
108,1831.78724309517,-880.5474,2712.33464309517,2712.33464309517,308.0282378909855,Compresión
107,765.210670902824,-1943.303766666667,2708.514437569491,2708.514437569491,139.37679135061913,Compresión
79,1966.61353799495,-592.2698333333334,2558.8833713282834,2558.8833713282834,432.0468852188962,Compresión
21,-1535.60202689489,895.5172,-2431.11922689489,2431.11922689489,271.4765527876097,Tensión
2,844.330211940496,-1560.9878333333334,2405.3180452738293,2405.3180452738293,154.08948054365152,Compresión
16,-5964.80584984432,-8365.994633333334,2401.188783489014,2401.188783489014,28.701772932470437,Compresión
109,1699.55283926875,-686.4298,2385.98263926875,2385.98263926875,347.59310213408844,Compresión
105,1466.62242224774,-880.5468000000001,2347.16922224774,2347.16922224774,266.5581454139812,Compresión
106,1611.93120345481,-686.4291,2298.36030345481,2298.36030345481,334.82850597483775,Compresión
40,-4075.77154897153,-6362.9798,2287.20825102847,2287.20825102847,35.94555259579818,Compresión
66,-2877.420619343,-652.4195,-2225.001119343,2225.001119343,341.03841407754,Compresión
26,1223.9440724243,-933.6384,2157.5824724243002,2157.5824724243002,231.09401563960523,Compresión
52,1116.91334026415,-1003.5669666666666,2120.480306930817,2120.480306930817,211.29435057642624,Compresión
75,1224.58007183338,-868.9278,2093.5078718333802,2093.5078718333802,240.930013911867,Compresión
65,-3048.63710539128,-1003.5676666666668,-2045.069438724613,2045.069438724613,203.7799248235525,Compresión
58,-2517.56434544211,-652.4199333333333,-1865.1444121087768,1865.1444121087768,285.88096622379413,Compresión
89,-2382.45509503647,-592.2696666666667,-1790.1854283698035,1790.1854283698035,302.2585025200601,Compresión
122,642.346979728762,-1124.4846333333332,1766.8316130620951,1766.8316130620951,157.12367773789867,Compresión
57,-2690.47805181734,-1003.5680666666668,-1686.9099851506735,1686.9099851506735,168.09123760511852,Compresión
88,-2533.91472110553,-868.9267333333333,-1664.987987772197,1664.987987772197,191.61431245979855,Compresión
71,-530.432656302102,1030.0669,-1560.499556302102,1560.499556302102,151.49497132537238,Tensión
99,-2206.37967764659,-686.4298333333332,-1519.949844313257,1519.949844313257,221.42829001444053,Compresión
94,-612.97157414732,876.0436,-1489.01517414732,1489.01517414732,169.9704412483141,Tensión
98,-2353.18498221035,-880.5475,-1472.6374822103498,1472.6374822103498,167.24111766122087,Compresión
63,787.816530055832,-652.4209,1440.237430055832,1440.237430055832,220.7528035733227,Compresión
81,-1966.61353799494,-592.2698333333334,-1374.3437046616068,1374.3437046616068,232.04688555657842,Compresión
86,762.100326720535,-592.2684666666668,1354.3687933872018,1354.3687933872018,228.6748100439902,Compresión
123,173.032334181923,-1124.4846333333332,1297.5169675152563,1297.5169675152563,115.38770098752906,Compresión
59,-2943.63966948412,-4229.0315,1285.39183051588,1285.39183051588,30.394472829344856,Compresión
80,-2121.53079230512,-868.9269,-1252.60389230512,1252.60389230512,144.15526678522295,Compresión
39,1109.20458279932,-97.14563333333332,1206.3502161326533,1206.3502161326533,1241.7956034888143,Compresión
112,-765.210670902861,-1943.303766666667,1178.0930957638059,1178.0930957638059,60.623208546461434,Compresión
50,144.924180558561,-1003.5691333333334,1148.4933138918943,1148.4933138918943,114.44087652763787,Compresión
36,-2054.34686615549,-933.6383333333332,-1120.7085328221565,1120.7085328221565,120.0366878275624,Compresión
82,-2035.75234487804,-3123.2003333333337,1087.4479884552936,1087.4479884552936,34.81838729654901,Compresión
15,575.188286370577,-485.8592333333333,1061.0475197039102,1061.0475197039102,218.38578845986441,Compresión
72,-6.69410396388926e-12,1030.0686,-1030.0686000000067,1030.0686000000067,99.99999990291973,Tensión
70,-5.02057797291695e-12,1030.0682,-1030.068200000005,1030.068200000005,99.99999990291951,Tensión
111,-1699.55283926876,-686.4298,-1013.12303926876,1013.12303926876,147.5931024254525,Compresión
27,-1109.20458279936,-97.14563333333332,-1012.0589494660267,1012.0589494660267,1041.7956055476202,Compresión
76,401.178246954549,-592.2706,993.448846954549,993.448846954549,167.73563389389795,Compresión
124,-173.032334181903,-1124.4846333333332,951.4522991514302,951.4522991514302,84.61229883461344,Compresión
110,-1831.78724309517,-880.5474,-951.2398430951699,951.2398430951699,108.02823811811693,Compresión
45,-358.667311532293,591.8683,-950.5356115322929,950.5356115322929,160.59917551358998,Tensión
103,67.2993990865195,-880.5468000000001,947.8461990865196,947.8461990865196,107.64290983853334,Compresión
73,59.5241663225957,-868.9256,928.4497663225957,928.4497663225957,106.85031782399925,Compresión
104,240.401966801436,-686.4291,926.831066801436,926.831066801436,135.02211159917533,Compresión
114,-1611.93120345477,-686.4291,-925.50210345477,925.50210345477,134.82850626619486,Compresión
22,-1.24426009774262e-12,895.5176,-895.5176000000013,895.5176000000013,99.99999988833288,Tensión
24,-0.0,895.5176,-895.5176,895.5176,99.99999988833272,Tensión
95,-0.0,876.0431,-876.0431,876.0431,99.99999988585037,Tensión
93,8.238897661646379e-12,876.0429,-876.0428999999918,876.0428999999918,99.9999998858494,Tensión
62,-144.924180558599,-1003.5691333333334,858.6449527747344,858.6449527747344,85.55912327306962,Compresión
53,183.792209086984,-652.4188,836.2110090869841,836.2110090869841,128.1708938806293,Compresión
115,-67.2993990865585,-880.5468000000001,813.2474009134415,813.2474009134415,92.35708993433065,Compresión
85,-59.5241663226362,-868.9256,809.4014336773638,809.4014336773638,93.14968194582677,Compresión
14,-844.330211940527,-1560.9878333333334,716.6576213928064,716.6576213928064,45.91051932822246,Compresión
5,156.492840581397,-485.8591666666667,642.3520072480637,642.3520072480637,132.20950637464603,Compresión
23,1535.60202689489,895.5172,640.08482689489,640.08482689489,71.47655301094434,Tensión
46,2.11392748409945e-12,591.8681,-591.8680999999979,591.8680999999979,99.99999983104307,Tensión
48,2.11392748409945e-12,591.8679,-591.8678999999978,591.8678999999978,99.99999983104301,Tensión
113,-1466.6224222477,-880.5468000000001,-586.0756222476998,586.0756222476998,66.55814564110827,Compresión
69,530.432656302101,1030.0669,-499.634243697899,499.634243697899,48.505028480465555,Tensión
64,-3741.89808431722,-4229.0298,487.1317156827804,487.1317156827804,11.518758169251793,Compresión
121,-642.346979728737,-1124.4846333333332,482.13765360459627,482.13765360459627,42.87632208424426,Compresión
61,-183.792209086944,-652.4188,468.626590913056,468.626590913056,71.82910581282528,Compresión
119,-311.866388507705,152.47,-464.336388507705,464.336388507705,304.5427857691855,Tensión
116,-240.401966801479,-686.4291,446.0271331985209,446.0271331985209,64.97788810945545,Compresión
37,279.099900578587,-97.1455,376.245400578587,376.245400578587,387.3009009224081,Compresión
131,164.948725608423,-196.97513333333333,361.9238589417563,361.9238589417563,183.74088697372667,Compresión
83,-1224.58007183333,-868.9278,-355.65227183333,355.65227183333,40.93001414202997,Compresión
13,-156.492840581366,-485.8591666666667,329.36632608530067,329.36632608530067,67.79049321371846,Compresión
38,-1223.94407242434,-933.6384,-290.30567242433995,290.30567242433995,31.09401585382518,Compresión
132,71.2871930066665,-196.97513333333333,268.26232633999985,268.26232633999985,136.1909599645354,Compresión
96,612.971574147323,876.0436,-263.0720258526769,263.0720258526769,30.029558523386434,Tensión
47,358.667311532298,591.8683,-233.20098846770196,233.20098846770196,39.40082414849617,Tensión
84,-401.178246954514,-592.2706,191.09235304548594,191.09235304548594,32.26436576842448,Compresión
29,-279.099900578557,-97.1455,-181.95440057855703,181.95440057855703,187.3009029811448,Compresión
74,-762.100326720574,-592.2684666666668,-169.83186005390723,169.83186005390723,28.674810381681485,Compresión
117,311.866388507702,152.47,159.39638850770203,159.39638850770203,104.54278708091701,Tensión
120,-1.0710567948808399e-11,152.4704,-152.47040000001073,152.47040000001073,99.99999934414203,Tensión
118,1.60658519232126e-11,152.4704,-152.47039999998395,152.47039999998395,99.99999934412446,Tensión
51,-787.816530055868,-652.4209,-135.39563005586808,135.39563005586808,20.75280387987878,Compresión
129,-71.2871930066516,-196.97513333333333,125.68794032668173,125.68794032668173,63.80903902011557,Compresión
60,-1116.91334026412,-1003.5669666666666,-113.34637359745341,113.34637359745341,11.294350775712383,Compresión
87,-3029.35105085506,-3123.1992000000005,93.84814914494063,93.84814914494063,3.004872347395962,Compresión
3,-575.188286370606,-485.8592333333333,-89.32905303727267,89.32905303727267,18.38578887151226,Compresión
127,-58.4365305983836,20.7719,-79.2084305983836,79.2084305983836,381.32489943209146,Tensión
97,-2015.72837436985,-1943.3037333333332,-72.42464103651673,72.42464103651673,3.726882203587316,Compresión
133,7.85931310888112,-33.5445,41.40381310888112,41.40381310888112,123.42950967993566,Compresión
125,58.4365305983836,20.7719,37.664630598383596,37.664630598383596,181.32490906048318,Tensión
134,7.497397564165889e-11,-33.5445,33.544500000074976,33.544500000074976,99.99999701910897,Compresión
136,-1.0710567948808399e-11,-33.5445,33.54449999998929,33.54449999998929,99.99999701885355,Compresión
130,-164.948725608403,-196.97513333333333,32.02640772493032,32.02640772493032,16.259112010926863,Compresión
135,-7.85931310887845,-33.5445,25.68518689112155,25.68518689112155,76.57048435784318,Compresión
126,1.0710567948808399e-11,20.7719,-20.771899999989287,20.771899999989287,99.99999518575255,Tensión
128,2.1421135897616798e-11,20.7719,-20.771899999978576,20.771899999978576,99.999995185701,Tensión
12,-1575.84665040238,-1560.9878,-14.858850402379858,14.858850402379858,0.9518876696448864,Compresión
